{
    "sustain": 0.5006429515131695,
    "co2e": 4.0174423428853485,
    "co2": 4.365749037153564,
    "time": 1.5107166457027081,
    "train": 1.7630593517091802,
    "rate": 1.898355969858272,
    "target": 1.9161817538108725,
    "member": 1.4707583334011047,
    "committe": 1.9792824601788161,
    "discharg": 4.7712141452617285,
    "trade": 2.8342726661891753,
    "wast": 2.1321568156464696,
    "withdraw": 4.24796600149718,
    "energi": 1.3889447734850917,
    "employe": 1.0622257382250786,
    "union": 4.078066964701783,
    "risk": 1.2690408462595708,
    "hour": 2.500377750582263,
    "salari": 3.611977234777184,
    "turnov": 4.211598357326306,
    "water": 2.2110840742361404,
    "esg": 1.19291715078677,
    "lost": 4.599363888335069,
    "execut": 1.522779518151983,
    "reduct": 2.1731648393738467,
    "independ": 2.312694250646923,
    "polici": 1.447978305069285,
    "ceo": 2.050741424160961,
    "board": 1.6521586556757384,
    "minor": 3.651982569390883,
    "recycl": 2.2504980427770174,
    "emiss": 1.508321434976753,
    "women": 2.3963083906880565,
    "renew": 1.90901326433226,
    "manag": 0.7891987680135473,
    "report": 0.36525738373780964,
    "consum": 2.323447042423185,
    "injuri": 3.4494583052794088,
    "ghg": 2.286307495473728
}